{"content":[{"id":4,"content_type":"page","subtype":"dynamic","url":"blog","title":"Blog","parent":"0","description":"","position":"7","content":"","content_body":"","is_active":"1","subtype_value":"","custom_type":"","custom_type_value":"","active_site_template":"default","layout_file":"layouts__blog.php","layout_name":"","layout_style":"","content_filename":"","original_link":"","is_home":"0","is_pinged":"0","is_shop":"0","is_deleted":"0","require_login":"0","status":"","content_meta_title":"","content_meta_keywords":"","session_id":"866c45dbf30498667e65f2b043be5faa5eac132f","updated_at":"2015-02-06 16:17:01","created_at":"2014-02-21 11:09:43","expires_at":"","created_by":"","edited_by":"2","posted_at":"2015-02-06 11:12:29","draft_of":"","copy_of":null},{"id":6,"content_type":"product","subtype":"product","url":"bird-lamp","title":"Bird Lamp","parent":"13","description":"","position":"10","content":"\n\t\t\t<div class=\"mw-row\" id=\"row_1395661252975\" style=\"height: auto;\">\n\t\t\t\t<div class=\"mw-col selected\" style=\"width: 58.51063829787234%; height: auto;\" id=\"mw-column-1395661252966\" data-also-rezise-item=\"mw-column-1395661252967\">\n\t\t\t\t\t<div class=\"mw-col-container\">\n\t\t\t\t\t\t<module class=\"module module module\" data-mw-title=\"Picture Gallery\" id=\"-bird-lamp1167824773\" rel=\"content\" template=\"product_gallery\" data-type=\"pictures\"><\/module>\n<\/div>\n\t\t\t\t<\/div>\n\t\t\t\t<div class=\"mw-col\" style=\"width: 41.48936170212767%; height: auto;\" id=\"mw-column-1395661252967\">\n\t\t\t\t\t<div class=\"mw-col-container\">\n\t\t\t\t\t\t<div class=\"product-description element\">\n\t\t\t\t\t\t\t<p class=\"element\" id=\"row_1395661253029\">This text is set by default and is suitable for edit in real time. By default the drag and drop core feature will allow you to position it anywhere on the site. Get creative &amp; <strong style=\"font-weight: 600\" class=\"\">Make Web<\/strong>.<\/p>\n\t\t\t\t\t\t\t<module class=\"module\" id=\"-bird-lamp1706281220\" data-mw-title=\"Add to cart\" rel=\"post\" data-type=\"shop\/cart_add\"><\/module>\n<\/div>\n\t\t\t\t\t\t<\/div>\n\t\t\t\t\t<\/div>\n\t\t\t\t<\/div>\n\t\t\t\n\t\t","content_body":"","is_active":"1","subtype_value":"","custom_type":"","custom_type_value":"","active_site_template":"","layout_file":"","layout_name":"","layout_style":"","content_filename":"","original_link":"","is_home":"0","is_pinged":"0","is_shop":"0","is_deleted":"0","require_login":"","status":"","content_meta_title":"","content_meta_keywords":"","session_id":"","updated_at":"2014-03-28 08:55:33","created_at":"2014-02-21 11:18:24","expires_at":"","created_by":"","edited_by":"","posted_at":"","draft_of":"","copy_of":null},{"id":8,"content_type":"product","subtype":"product","url":"female-jeans","title":"Lamps with different colors","parent":"13","description":"","position":"11","content":"\n\t\t\t<div id=\"row_1395668451731\" style=\"height: auto;\" class=\"mw-row\">\n\t\t\t\t<div data-also-rezise-item=\"mw-column-1395668451708\" id=\"mw-column-1395668451707\" class=\"mw-col \" style=\"width: 50%; height: auto;\">\n\t\t\t\t\t<div class=\"mw-col-container\">\n\t\t\t\t\t\t<module class=\" module \" id=\"-female-jeans1167824773\" data-mw-title=\"Picture Gallery\" rel=\"content\" template=\"product_gallery\" data-type=\"pictures\"><\/module>\n<\/div>\n\t\t\t\t<\/div>\n\t\t\t\t<div id=\"mw-column-1395668451708\" class=\"mw-col\" style=\"width: 50%; height: auto;\">\n\t\t\t\t\t<div class=\"mw-col-container\">\n\t\t\t\t\t\t<div class=\"product-description element\">\n\t\t\t\t\t\t\t<p id=\"row_1395668451730\" class=\"element\">This text is set by default and it is suitable for edit in real time. By default the drag and drop core feature will allow you to position it anywhere on the site. Get creative &amp; <strong class=\"\" style=\"font-weight: 600\">Make Web<\/strong>.<\/p>\n\t\t\t\t\t\t\t<module class=\" module \" id=\"-female-jeans1706281220\" data-mw-title=\"Add to cart\" rel=\"post\" data-type=\"shop\/cart_add\"><\/module>\n<\/div>\n\t\t\t\t\t\t<\/div>\n\t\t\t\t\t<\/div>\n\t\t\t\t<\/div>\n\t\t\t\n\t\t","content_body":"","is_active":"1","subtype_value":"","custom_type":"","custom_type_value":"","active_site_template":"","layout_file":"","layout_name":"","layout_style":"","content_filename":"","original_link":"","is_home":"0","is_pinged":"0","is_shop":"0","is_deleted":"0","require_login":"","status":"","content_meta_title":"","content_meta_keywords":"","session_id":"","updated_at":"2014-03-25 10:55:11","created_at":"2014-02-21 12:44:13","expires_at":"","created_by":"","edited_by":"","posted_at":"","draft_of":"","copy_of":null},{"id":9,"content_type":"product","subtype":"product","url":"man-jeans","title":"Colored vase","parent":"13","description":"","position":"12","content":"","content_body":"0","is_active":"1","subtype_value":"","custom_type":"","custom_type_value":"","active_site_template":"","layout_file":"","layout_name":"","layout_style":"","content_filename":"","original_link":"","is_home":"0","is_pinged":"0","is_shop":"1","is_deleted":"0","require_login":"","status":"","content_meta_title":"","content_meta_keywords":"","session_id":"7c064a801bc1bb9dd9d2741ab1fdeea9fc91d11f","updated_at":"2015-02-06 14:25:02","created_at":"2014-02-21 12:46:40","expires_at":"","created_by":"","edited_by":"2","posted_at":"","draft_of":"","copy_of":null},{"id":12,"content_type":"post","subtype":"post","url":"the-dream-house","title":"House Design post 3","parent":"4","description":"","position":"1","content":"\n                    <module class=\"module module module-pictures\" data-mw-title=\"Picture Gallery\" rel=\"content\" data-template=\"bootstrap_carousel\" data-type=\"pictures\" id=\"-editor_tools-844116804\" style=\"cursor: pointer;\"><\/module><div id=\"row_1393510392831\" class=\"element\" style=\"width:95%\">\n\t\t\t\t\t\t<p id=\"row_1393510392828\" class=\"element\" align=\"justify\">This text is set by default and is suitable for edit in real time. By \ndefault the drag and drop core feature will allow you to position it \nanywhere on the site. Get creative, Make Web.<\/p>\n\t\t\t\t\t<\/div>\n\t\t\t\t","content_body":"","is_active":"1","subtype_value":"","custom_type":"","custom_type_value":"","active_site_template":"","layout_file":"","layout_name":"","layout_style":"","content_filename":"","original_link":"","is_home":"0","is_pinged":"0","is_shop":"0","is_deleted":"0","require_login":"0","status":"","content_meta_title":"","content_meta_keywords":"","session_id":"866c45dbf30498667e65f2b043be5faa5eac132f","updated_at":"2015-02-06 11:12:30","created_at":"2014-02-27 10:48:06","expires_at":"","created_by":"","edited_by":"2","posted_at":"","draft_of":"","copy_of":null},{"id":13,"content_type":"page","subtype":"dynamic","url":"shop","title":"Shop","parent":"0","description":"","position":"8","content":"","content_body":"","is_active":"1","subtype_value":"","custom_type":"","custom_type_value":"","active_site_template":"default","layout_file":"layouts__shop.php","layout_name":"","layout_style":"","content_filename":"","original_link":"","is_home":"0","is_pinged":"0","is_shop":"1","is_deleted":"0","require_login":"0","status":"","content_meta_title":"","content_meta_keywords":"","session_id":"866c45dbf30498667e65f2b043be5faa5eac132f","updated_at":"2015-02-06 14:27:40","created_at":"2014-02-28 08:48:56","expires_at":"","created_by":"","edited_by":"2","posted_at":"2015-01-27 14:24:00","draft_of":"","copy_of":null},{"id":14,"content_type":"page","subtype":"static","url":"home","title":"Home","parent":"0","description":"","position":"13","content":"","content_body":"","is_active":"1","subtype_value":"","custom_type":"","custom_type_value":"","active_site_template":"default","layout_file":"index.php","layout_name":"","layout_style":"","content_filename":"","original_link":"","is_home":"1","is_pinged":"0","is_shop":"0","is_deleted":"0","require_login":"0","status":"","content_meta_title":"","content_meta_keywords":"","session_id":"rt3Mi5qYlAnzSFQS2kWmFDeM1LnFs6evXJZzOKKm","updated_at":"2017-01-30 14:47:55","created_at":"2014-03-17 11:20:53","expires_at":"","created_by":"","edited_by":"1","posted_at":"","draft_of":"","copy_of":null},{"id":16,"content_type":"post","subtype":"post","url":"art-of-nuts-mokassarart","title":"Simple blog post 2","parent":"4","description":"","position":"2","content":"\n\n                    \n\n\t\t\t\t\t<div class=\"element\" style=\"width:95%\" id=\"row_1395660523321\">\n\t\t\t\t\t\t<p align=\"justify\" class=\"element\" id=\"row_1395660523322\">This text is set by default and is suitable for edit in real time. By default the drag and drop core feature will allow you to position it anywhere on the site. Get creative, Make Web.<\/p>\n<module class=\" clear module module\" data-mw-title=\"Picture Gallery\" data-type=\"pictures\" id=\"pictures-20140324112912\" content-id=\"16\"><\/module><p align=\"justify\" class=\"element\" id=\"row_1395660523323\"><br class=\"\"><\/p>\n\t\t\t\t\t<\/div>\n\t\t\t\t","content_body":"","is_active":"1","subtype_value":"","custom_type":"","custom_type_value":"","active_site_template":"","layout_file":"","layout_name":"","layout_style":"","content_filename":"","original_link":"","is_home":"0","is_pinged":"0","is_shop":"0","is_deleted":"0","require_login":"","status":"","content_meta_title":"","content_meta_keywords":"","session_id":"","updated_at":"2014-03-24 14:12:12","created_at":"2014-03-17 12:14:07","expires_at":"","created_by":"","edited_by":"","posted_at":"","draft_of":"","copy_of":null},{"id":17,"content_type":"post","subtype":"post","url":"100-premium-infographics-from-ingimage-only-18","title":"Simple blog post\u00c2\u00a0","parent":"4","description":"","position":"3","content":"\n\n                    \n\n\t\t\t\t\t<div id=\"row_1395672540648\" class=\"element\" style=\"width:95%\">\n\t\t\t\t\t\t<p id=\"row_1395672540649\" class=\"element\" align=\"justify\">This text is set by default and is suitable for edit in real time. By default the drag and drop core feature will allow you to position it anywhere on the site. Get creative, Make Web. test<\/p>\n<p id=\"row_1395672540650\" class=\"element\" align=\"justify\"><strong class=\"\">Lorem Ipsum<\/strong> is simply dummy text of the printing and \ntypesetting industry. Lorem Ipsum has been the industry\u00e2\u0080\u0099s standard dummy\n text ever since the 1500s, when an unknown printer took a galley of \ntype and scrambled it to make a type specimen book. It has survived not \nonly five centuries, but also the leap into electronic typesetting, \nremaining essentially unchanged. It was popularised in the 1960s with \nthe release of Letraset sheets containing Lorem Ipsum passages, and more\n recently with desktop publishing software like Aldus PageMaker \nincluding versions of Lorem Ipsum.<\/p>\n\t\t\t\t\t<\/div>\n<module class=\"clear element module module module-pictures\" data-mw-title=\"Picture Gallery\" data-type=\"pictures\" id=\"row_1395672540651\" content-id=\"17\"><\/module><div class=\" element text\" data-mw-title=\"Text\" data-type=\"text\" id=\"text-20140324144941\"><p id=\"row_1395672542174\" class=\"element lipsum\"><strong class=\"\">Lorem Ipsum<\/strong> is simply dummy text of the printing and \ntypesetting industry. Lorem Ipsum has been the industry\u00e2\u0080\u0099s standard dummy\n text ever since the 1500s, when an unknown printer took a galley of \ntype and scrambled it to make a type specimen book. It has survived not \nonly five centuries, but also the leap into electronic typesetting, \nremaining essentially unchanged. It was popularised in the 1960s with \nthe release of Letraset sheets containing Lorem Ipsum passages, and more\n recently with desktop publishing software like Aldus PageMaker \nincluding versions of Lorem Ipsum.<\/p><\/div>\n","content_body":"","is_active":"1","subtype_value":"","custom_type":"","custom_type_value":"","active_site_template":"","layout_file":"","layout_name":"","layout_style":"","content_filename":"","original_link":"","is_home":"0","is_pinged":"0","is_shop":"0","is_deleted":"0","require_login":"","status":"","content_meta_title":"","content_meta_keywords":"","session_id":"rt3Mi5qYlAnzSFQS2kWmFDeM1LnFs6evXJZzOKKm","updated_at":"2017-01-30 14:25:34","created_at":"2014-03-17 12:35:20","expires_at":"","created_by":"","edited_by":"1","posted_at":"","draft_of":"","copy_of":null},{"id":20,"content_type":"page","subtype":"static","url":"gallery","title":"Gallery","parent":"0","description":"","position":"4","content":"","content_body":"","is_active":"1","subtype_value":"","custom_type":"","custom_type_value":"","active_site_template":"default","layout_file":"layouts__gallery.php","layout_name":"","layout_style":"","content_filename":"","original_link":"","is_home":"0","is_pinged":"0","is_shop":"0","is_deleted":"0","require_login":"0","status":"","content_meta_title":"","content_meta_keywords":"","session_id":"d13619dad994f227a546d8570bb9663f8eded4c2","updated_at":"2015-02-09 16:00:52","created_at":"2014-03-24 10:48:08","expires_at":"","created_by":"","edited_by":"2","posted_at":"","draft_of":"","copy_of":null},{"id":22,"content_type":"product","subtype":"product","url":"test-product","title":"Test Product","parent":"13","description":"","position":"9","content":"","content_body":"","is_active":"1","subtype_value":"","custom_type":"","custom_type_value":"","active_site_template":"","layout_file":"","layout_name":"","layout_style":"","content_filename":"","original_link":"","is_home":"0","is_pinged":"0","is_shop":"0","is_deleted":"0","require_login":"","status":"","content_meta_title":"","content_meta_keywords":"","session_id":"","updated_at":"2014-03-27 09:41:27","created_at":"2014-03-25 11:02:45","expires_at":"","created_by":"","edited_by":"","posted_at":"","draft_of":"","copy_of":null},{"id":24,"content_type":"page","subtype":"dynamic","url":"test-text-page","title":"Text Page","parent":"0","description":"","position":"9","content":"\n          <p id=\"row_1395932955351\" class=\"element\">Lorem ipsum dolor sit amet, consectetur adipiscing elit. Curabitur non tincidunt turpis. Integer accumsan dolor dui, non pulvinar ante sodales ut. Phasellus et varius orci, nec ornare tellus. Nunc eu felis fringilla enim luctus tincidunt. Sed sit amet gravida lorem, tincidunt varius erat. Fusce mi purus, tincidunt ultricies ultrices vel, auctor ut diam. Pellentesque non scelerisque leo, nec cursus lectus.\n          <\/p>\n<p id=\"row_1395932955500\" class=\"element\">Donec suscipit turpis ac leo dictum ornare sed ac dolor. Suspendisse ultrices dui vel posuere tincidunt. Vivamus gravida, massa nec varius lobortis, lacus magna dignissim dolor, nec vestibulum nunc odio non nulla.<\/p>\n\n      ","content_body":"","is_active":"1","subtype_value":"","custom_type":"","custom_type_value":"","active_site_template":"default","layout_file":"text.php","layout_name":"","layout_style":"","content_filename":"","original_link":"","is_home":"0","is_pinged":"0","is_shop":"0","is_deleted":"1","require_login":"","status":"","content_meta_title":"","content_meta_keywords":"","session_id":"","updated_at":"2014-03-27 17:01:13","created_at":"2014-03-26 16:40:21","expires_at":"","created_by":"","edited_by":"","posted_at":"","draft_of":"","copy_of":null},{"id":25,"content_type":"page","subtype":"static","url":"contacts","title":"Contact us","parent":"0","description":"","position":"6","content":"","content_body":"","is_active":"1","subtype_value":"","custom_type":"","custom_type_value":"","active_site_template":"default","layout_file":"contacts.php","layout_name":"","layout_style":"","content_filename":"","original_link":"","is_home":"0","is_pinged":"0","is_shop":"0","is_deleted":"0","require_login":"","status":"","content_meta_title":"","content_meta_keywords":"","session_id":"","updated_at":"2014-03-28 08:54:23","created_at":"2014-03-26 17:03:37","expires_at":"","created_by":"","edited_by":"","posted_at":"","draft_of":"","copy_of":null},{"id":28,"content_type":"page","subtype":"static","url":"another-button","title":"Page with video","parent":"0","description":"","position":"5","content":"\n          <div class=\"element element content-multiple-columns\" data-mw-title=\"Multiple Columns\" data-type=\"content\/multiple_columns\" id=\"content-multiple-columns-20140327153113\">\n<div id=\"row_1395934166126\" style=\"height: auto;\" class=\"mw-row\">\n  <div data-also-rezise-item=\"mw-column-1395934166114\" id=\"mw-column-1395934166113\" class=\"mw-col selected\" style=\"width: 60.5319%; height: auto;\">\n      <div class=\"mw-col-container\">\n        <div class=\" element picture\" data-mw-title=\"Picture\" data-type=\"picture\" id=\"picture-20140327153123\"><div class=\"element\"><module class=\" module module \" data-mw-title=\"Video\" data-type=\"video\" id=\"video-20140327155643\"><\/module><\/div><\/div>\n<div class=\"mw-empty element\"><\/div>\n      <\/div>\n   <\/div>\n   <div id=\"mw-column-1395934166114\" class=\"mw-col\" style=\"width: 39.4681%; height: auto;\">\n      <div class=\"mw-col-container\">\n        <p style=\"\" id=\"row_1395934163990\" class=\"element\">Lorem ipsum dolor sit amet, consectetur adipiscing elit. Curabitur non tincidunt turpis. Integer accumsan dolor dui, non pulvinar ante sodales ut. Phasellus et varius orci, nec ornare tellus.<\/p>\n<p style=\"\" id=\"row_1395934164040\" class=\"element clear\">Nunc eu felis fringilla enim luctus tincidunt. Sed sit amet gravida lorem, tincidunt varius erat. Fusce mi purus, tincidunt ultricies ultrices vel, auctor ut diam. Pellentesque non scelerisque leo, nec cursus lectus.<\/p>\n<div class=\"mw-empty element\"><\/div>\n      <\/div>\n   <\/div>\n<\/div>\n<\/div>\n          \n          <p id=\"row_1395934164087\" class=\"element\">Donec suscipit turpis ac leo dictum ornare sed ac dolor. Suspendisse ultrices dui vel posuere tincidunt. Vivamus gravida, massa nec varius lobortis, lacus magna dignissim dolor, nec vestibulum nunc odio non nulla.<\/p>\n\n      <div class=\" element content-multiple-columns\" data-mw-title=\"Multiple Columns\" data-type=\"content\/multiple_columns\" id=\"content-multiple-columns-20140327153106\"><p id=\"row_1395934166674\" class=\"element\">\n\n<\/p><\/div>\n","content_body":"","is_active":"1","subtype_value":"","custom_type":"","custom_type_value":"","active_site_template":"default","layout_file":"clean.php","layout_name":"","layout_style":"","content_filename":"","original_link":"","is_home":"0","is_pinged":"0","is_shop":"0","is_deleted":"0","require_login":"0","status":"","content_meta_title":"","content_meta_keywords":"","session_id":"rt3Mi5qYlAnzSFQS2kWmFDeM1LnFs6evXJZzOKKm","updated_at":"2017-01-30 14:57:44","created_at":"2014-03-27 15:09:05","expires_at":"","created_by":"","edited_by":"1","posted_at":"","draft_of":"","copy_of":null}],"content_fields":[{"id":"2","updated_at":"2017-01-30 14:25:34","created_at":"2017-01-30 14:25:34","created_by":"1","edited_by":"1","rel_type":"content","rel_id":"17","field":"title","value":"Simple blog post\u00c2\u00a0"}],"media":[{"id":17,"updated_at":"2014-03-17 10:12:42","created_at":"2014-03-17 10:12:42","created_by":"1","edited_by":"1","session_id":"e7ih3vmpbcoitt7c4s54v9i6u1","rel_type":"modules","rel_id":"--1891520885","media_type":"picture","position":"9999999","title":"","description":"","embed_code":"","filename":"{SITE_URL}userfiles\/templates\/liteness\/img\/sample\/content\/modules\/7288.Dell_20Latitude_2010_20Windows_208_20tablet_20_small__11.jpg"},{"id":60,"updated_at":"2014-03-24 11:21:39","created_at":"2014-03-24 11:21:39","created_by":"1","edited_by":"1","session_id":"pfslt8h6kilbpbiqm0ke354n26","rel_type":"content","rel_id":"9","media_type":"picture","position":"9999999","title":"","description":"","embed_code":"","filename":"{SITE_URL}userfiles\/templates\/liteness\/img\/sample\/content\/pi_040314_01_940x777_1_.jpg"},{"id":61,"updated_at":"2014-03-24 11:21:39","created_at":"2014-03-24 11:21:39","created_by":"1","edited_by":"1","session_id":"pfslt8h6kilbpbiqm0ke354n26","rel_type":"content","rel_id":"9","media_type":"picture","position":"9999999","title":"","description":"","embed_code":"","filename":"{SITE_URL}userfiles\/templates\/liteness\/img\/sample\/content\/pi_040314_02_940x766.jpg"},{"id":62,"updated_at":"2014-03-24 11:21:39","created_at":"2014-03-24 11:21:39","created_by":"1","edited_by":"1","session_id":"pfslt8h6kilbpbiqm0ke354n26","rel_type":"content","rel_id":"9","media_type":"picture","position":"9999999","title":"","description":"","embed_code":"","filename":"{SITE_URL}userfiles\/templates\/liteness\/img\/sample\/content\/pi_040314_03_940x681.jpg"},{"id":63,"updated_at":"2014-03-24 11:21:39","created_at":"2014-03-24 11:21:39","created_by":"1","edited_by":"1","session_id":"pfslt8h6kilbpbiqm0ke354n26","rel_type":"content","rel_id":"9","media_type":"picture","position":"9999999","title":"","description":"","embed_code":"","filename":"{SITE_URL}userfiles\/templates\/liteness\/img\/sample\/content\/pi_040314_04_940x589.jpg"},{"id":64,"updated_at":"2014-03-24 11:21:39","created_at":"2014-03-24 11:21:39","created_by":"1","edited_by":"1","session_id":"pfslt8h6kilbpbiqm0ke354n26","rel_type":"content","rel_id":"9","media_type":"picture","position":"9999999","title":"","description":"","embed_code":"","filename":"{SITE_URL}userfiles\/templates\/liteness\/img\/sample\/content\/pi_040314_05_940x723.jpg"},{"id":65,"updated_at":"2014-03-24 11:22:19","created_at":"2014-03-24 11:22:19","created_by":"1","edited_by":"1","session_id":"pfslt8h6kilbpbiqm0ke354n26","rel_type":"content","rel_id":"8","media_type":"picture","position":"9999999","title":"","description":"","embed_code":"","filename":"{SITE_URL}userfiles\/templates\/liteness\/img\/sample\/content\/li_040314_01_940x1286.jpg"},{"id":66,"updated_at":"2014-03-24 11:23:22","created_at":"2014-03-24 11:23:22","created_by":"1","edited_by":"1","session_id":"pfslt8h6kilbpbiqm0ke354n26","rel_type":"content","rel_id":"8","media_type":"picture","position":"9999999","title":"","description":"","embed_code":"","filename":"{SITE_URL}userfiles\/templates\/liteness\/img\/sample\/content\/li_040314_02_940x1342.jpg"},{"id":67,"updated_at":"2014-03-24 11:23:22","created_at":"2014-03-24 11:23:22","created_by":"1","edited_by":"1","session_id":"pfslt8h6kilbpbiqm0ke354n26","rel_type":"content","rel_id":"8","media_type":"picture","position":"9999999","title":"","description":"","embed_code":"","filename":"{SITE_URL}userfiles\/templates\/liteness\/img\/sample\/content\/li_040314_03_940x945.jpg"},{"id":68,"updated_at":"2014-03-24 11:23:22","created_at":"2014-03-24 11:23:22","created_by":"1","edited_by":"1","session_id":"pfslt8h6kilbpbiqm0ke354n26","rel_type":"content","rel_id":"8","media_type":"picture","position":"9999999","title":"","description":"","embed_code":"","filename":"{SITE_URL}userfiles\/templates\/liteness\/img\/sample\/content\/li_040314_04_940x926.jpg"},{"id":69,"updated_at":"2014-03-24 11:23:22","created_at":"2014-03-24 11:23:22","created_by":"1","edited_by":"1","session_id":"pfslt8h6kilbpbiqm0ke354n26","rel_type":"content","rel_id":"8","media_type":"picture","position":"9999999","title":"","description":"","embed_code":"","filename":"{SITE_URL}userfiles\/templates\/liteness\/img\/sample\/content\/li_040314_05_940x965.jpg"},{"id":70,"updated_at":"2014-03-24 11:23:23","created_at":"2014-03-24 11:23:23","created_by":"1","edited_by":"1","session_id":"pfslt8h6kilbpbiqm0ke354n26","rel_type":"content","rel_id":"8","media_type":"picture","position":"9999999","title":"","description":"","embed_code":"","filename":"{SITE_URL}userfiles\/templates\/liteness\/img\/sample\/content\/li_040314_06_940x1017.jpg"},{"id":80,"updated_at":"2014-03-24 11:28:16","created_at":"2014-03-24 11:28:16","created_by":"1","edited_by":"1","session_id":"pfslt8h6kilbpbiqm0ke354n26","rel_type":"content","rel_id":"17","media_type":"picture","position":"9999999","title":"","description":"","embed_code":"","filename":"{SITE_URL}userfiles\/templates\/liteness\/img\/sample\/content\/ld_210314_01_940x626.jpg"},{"id":81,"updated_at":"2014-03-24 11:28:16","created_at":"2014-03-24 11:28:16","created_by":"1","edited_by":"1","session_id":"pfslt8h6kilbpbiqm0ke354n26","rel_type":"content","rel_id":"17","media_type":"picture","position":"9999999","title":"","description":"","embed_code":"","filename":"{SITE_URL}userfiles\/templates\/liteness\/img\/sample\/content\/ld_210314_02_940x626.jpg"},{"id":82,"updated_at":"2014-03-24 11:28:17","created_at":"2014-03-24 11:28:17","created_by":"1","edited_by":"1","session_id":"pfslt8h6kilbpbiqm0ke354n26","rel_type":"content","rel_id":"17","media_type":"picture","position":"9999999","title":"","description":"","embed_code":"","filename":"{SITE_URL}userfiles\/templates\/liteness\/img\/sample\/content\/ld_210314_03_940x626.jpg"},{"id":84,"updated_at":"2014-03-24 11:28:17","created_at":"2014-03-24 11:28:17","created_by":"1","edited_by":"1","session_id":"pfslt8h6kilbpbiqm0ke354n26","rel_type":"content","rel_id":"17","media_type":"picture","position":"9999999","title":"","description":"","embed_code":"","filename":"{SITE_URL}userfiles\/templates\/liteness\/img\/sample\/content\/ld_210314_05_940x626.jpg"},{"id":86,"updated_at":"2014-03-24 11:28:17","created_at":"2014-03-24 11:28:17","created_by":"1","edited_by":"1","session_id":"pfslt8h6kilbpbiqm0ke354n26","rel_type":"content","rel_id":"17","media_type":"picture","position":"9999999","title":"","description":"","embed_code":"","filename":"{SITE_URL}userfiles\/templates\/liteness\/img\/sample\/content\/ld_210314_07_940x626.jpg"},{"id":87,"updated_at":"2014-03-24 11:29:32","created_at":"2014-03-24 11:29:32","created_by":"1","edited_by":"1","session_id":"pfslt8h6kilbpbiqm0ke354n26","rel_type":"content","rel_id":"16","media_type":"picture","position":"1","title":"","description":"","embed_code":"","filename":"{SITE_URL}userfiles\/templates\/liteness\/img\/sample\/content\/20140324112932au_250214_01_940x1023.jpg"},{"id":88,"updated_at":"2014-03-24 11:29:32","created_at":"2014-03-24 11:29:32","created_by":"1","edited_by":"1","session_id":"pfslt8h6kilbpbiqm0ke354n26","rel_type":"content","rel_id":"16","media_type":"picture","position":"3","title":"","description":"","embed_code":"","filename":"{SITE_URL}userfiles\/templates\/liteness\/img\/sample\/content\/20140324112932au_250214_02_940x1410.jpg"},{"id":89,"updated_at":"2014-03-24 11:29:32","created_at":"2014-03-24 11:29:32","created_by":"1","edited_by":"1","session_id":"pfslt8h6kilbpbiqm0ke354n26","rel_type":"content","rel_id":"16","media_type":"picture","position":"2","title":"","description":"","embed_code":"","filename":"{SITE_URL}userfiles\/templates\/liteness\/img\/sample\/content\/20140324112932au_250214_03_940x1410.jpg"},{"id":90,"updated_at":"2014-03-24 11:29:32","created_at":"2014-03-24 11:29:32","created_by":"1","edited_by":"1","session_id":"pfslt8h6kilbpbiqm0ke354n26","rel_type":"content","rel_id":"16","media_type":"picture","position":"0","title":"","description":"","embed_code":"","filename":"{SITE_URL}userfiles\/templates\/liteness\/img\/sample\/content\/20140324112932au_250214_04_940x626.jpg"},{"id":98,"updated_at":"2014-03-24 11:34:45","created_at":"2014-03-24 11:34:45","created_by":"1","edited_by":"1","session_id":"pfslt8h6kilbpbiqm0ke354n26","rel_type":"content","rel_id":"12","media_type":"picture","position":"4","title":"","description":"","embed_code":"","filename":"{SITE_URL}userfiles\/templates\/liteness\/img\/sample\/content\/th_210314_03_940x626.jpg"},{"id":104,"updated_at":"2014-03-24 11:34:45","created_at":"2014-03-24 11:34:45","created_by":"1","edited_by":"1","session_id":"pfslt8h6kilbpbiqm0ke354n26","rel_type":"content","rel_id":"12","media_type":"picture","position":"10","title":"","description":"","embed_code":"","filename":"{SITE_URL}userfiles\/templates\/liteness\/img\/sample\/content\/th_210314_09_940x626.jpg"},{"id":106,"updated_at":"2014-03-24 11:34:45","created_at":"2014-03-24 11:34:45","created_by":"1","edited_by":"1","session_id":"pfslt8h6kilbpbiqm0ke354n26","rel_type":"content","rel_id":"12","media_type":"picture","position":"0","title":"","description":"","embed_code":"","filename":"{SITE_URL}userfiles\/templates\/liteness\/img\/sample\/content\/th_210314_11_940x626.jpg"},{"id":111,"updated_at":"2014-03-24 11:40:01","created_at":"2014-03-24 11:40:01","created_by":"1","edited_by":"1","session_id":"pfslt8h6kilbpbiqm0ke354n26","rel_type":"content","rel_id":"6","media_type":"picture","position":"0","title":"","description":"","embed_code":"","filename":"{SITE_URL}userfiles\/templates\/liteness\/img\/sample\/content\/le_140214_02_940x940.jpg"},{"id":113,"updated_at":"2014-03-24 11:40:01","created_at":"2014-03-24 11:40:01","created_by":"1","edited_by":"1","session_id":"pfslt8h6kilbpbiqm0ke354n26","rel_type":"content","rel_id":"6","media_type":"picture","position":"5","title":"","description":"","embed_code":"","filename":"{SITE_URL}userfiles\/templates\/liteness\/img\/sample\/content\/le_140214_04_940x940.jpg"},{"id":115,"updated_at":"2014-03-24 11:40:02","created_at":"2014-03-24 11:40:02","created_by":"1","edited_by":"1","session_id":"pfslt8h6kilbpbiqm0ke354n26","rel_type":"content","rel_id":"6","media_type":"picture","position":"3","title":"","description":"","embed_code":"","filename":"{SITE_URL}userfiles\/templates\/liteness\/img\/sample\/content\/le_140214_06_940x940.jpg"},{"id":119,"updated_at":"2014-03-24 13:32:15","created_at":"2014-03-24 11:48:12","created_by":"1","edited_by":"1","session_id":"uabsultfkqd41iafblfcq258c1","rel_type":"content","rel_id":"14","media_type":"picture","position":"9999999","title":"","description":"","embed_code":"","filename":"{SITE_URL}userfiles\/templates\/liteness\/img\/sample\/content\/ch_310114_01_940x704.jpg"},{"id":121,"updated_at":"2014-03-24 13:32:12","created_at":"2014-03-24 11:48:12","created_by":"1","edited_by":"1","session_id":"uabsultfkqd41iafblfcq258c1","rel_type":"content","rel_id":"14","media_type":"picture","position":"9999999","title":"","description":"","embed_code":"","filename":"{SITE_URL}userfiles\/templates\/liteness\/img\/sample\/content\/ri_110214_07.jpg"},{"id":122,"updated_at":"2014-03-24 13:32:09","created_at":"2014-03-24 11:48:13","created_by":"1","edited_by":"1","session_id":"uabsultfkqd41iafblfcq258c1","rel_type":"content","rel_id":"14","media_type":"picture","position":"9999999","title":"","description":"","embed_code":"","filename":"{SITE_URL}userfiles\/templates\/liteness\/img\/sample\/content\/to_190314_01.jpg"},{"id":124,"updated_at":"2014-03-24 11:57:56","created_at":"2014-03-24 11:57:56","created_by":"1","edited_by":"1","session_id":"pfslt8h6kilbpbiqm0ke354n26","rel_type":"content","rel_id":"20","media_type":"picture","position":"9999999","title":"","description":"","embed_code":"","filename":"{SITE_URL}userfiles\/templates\/liteness\/img\/sample\/content\/to_190314_02.jpg"},{"id":125,"updated_at":"2014-03-24 11:57:56","created_at":"2014-03-24 11:57:56","created_by":"1","edited_by":"1","session_id":"pfslt8h6kilbpbiqm0ke354n26","rel_type":"content","rel_id":"20","media_type":"picture","position":"9999999","title":"","description":"","embed_code":"","filename":"{SITE_URL}userfiles\/templates\/liteness\/img\/sample\/content\/to_190314_03_630x427.jpg"},{"id":126,"updated_at":"2014-03-24 11:57:56","created_at":"2014-03-24 11:57:56","created_by":"1","edited_by":"1","session_id":"pfslt8h6kilbpbiqm0ke354n26","rel_type":"content","rel_id":"20","media_type":"picture","position":"9999999","title":"","description":"","embed_code":"","filename":"{SITE_URL}userfiles\/templates\/liteness\/img\/sample\/content\/to_190314_04.jpg"},{"id":127,"updated_at":"2014-03-24 11:57:56","created_at":"2014-03-24 11:57:56","created_by":"1","edited_by":"1","session_id":"pfslt8h6kilbpbiqm0ke354n26","rel_type":"content","rel_id":"20","media_type":"picture","position":"9999999","title":"","description":"","embed_code":"","filename":"{SITE_URL}userfiles\/templates\/liteness\/img\/sample\/content\/to_190314_06_630x420.jpg"},{"id":130,"updated_at":"2014-03-24 11:57:57","created_at":"2014-03-24 11:57:57","created_by":"1","edited_by":"1","session_id":"pfslt8h6kilbpbiqm0ke354n26","rel_type":"content","rel_id":"20","media_type":"picture","position":"9999999","title":"","description":"","embed_code":"","filename":"{SITE_URL}userfiles\/templates\/liteness\/img\/sample\/content\/to_190314_10_630x420.jpg"},{"id":134,"updated_at":"2014-03-24 16:55:26","created_at":"2014-03-24 16:55:26","created_by":"1","edited_by":"1","session_id":"uabsultfkqd41iafblfcq258c1","rel_type":"modules","rel_id":"pictures-20140324165515","media_type":"picture","position":"9999999","title":"","description":"","embed_code":"","filename":"{SITE_URL}userfiles\/templates\/liteness\/img\/sample\/content\/modules\/201403241655262011_Mercedes_Benz_CLS550_20.jpg"},{"id":135,"updated_at":"2014-03-24 16:55:26","created_at":"2014-03-24 16:55:26","created_by":"1","edited_by":"1","session_id":"uabsultfkqd41iafblfcq258c1","rel_type":"modules","rel_id":"pictures-20140324165515","media_type":"picture","position":"9999999","title":"","description":"","embed_code":"","filename":"{SITE_URL}userfiles\/templates\/liteness\/img\/sample\/content\/modules\/201403241655267288.Dell_20Latitude_2010_20Windows_208_20tablet_20_small__11.jpg"},{"id":136,"updated_at":"2014-03-24 16:55:26","created_at":"2014-03-24 16:55:26","created_by":"1","edited_by":"1","session_id":"uabsultfkqd41iafblfcq258c1","rel_type":"modules","rel_id":"pictures-20140324165515","media_type":"picture","position":"9999999","title":"","description":"","embed_code":"","filename":"{SITE_URL}userfiles\/templates\/liteness\/img\/sample\/content\/modules\/2014032416552622133_46486.jpg"},{"id":137,"updated_at":"2014-03-24 16:55:27","created_at":"2014-03-24 16:55:27","created_by":"1","edited_by":"1","session_id":"uabsultfkqd41iafblfcq258c1","rel_type":"modules","rel_id":"pictures-20140324165515","media_type":"picture","position":"9999999","title":"","description":"","embed_code":"","filename":"{SITE_URL}userfiles\/templates\/liteness\/img\/sample\/content\/modules\/20140324165527120404144321_10.jpg"},{"id":142,"updated_at":"2014-03-25 11:02:38","created_at":"2014-03-25 11:02:38","created_by":"1","edited_by":"1","session_id":"s3svoo27pqr094mi2rhp6cmk32","rel_type":"content","rel_id":"22","media_type":"picture","position":"2","title":"","description":"","embed_code":"","filename":"{SITE_URL}userfiles\/templates\/liteness\/img\/sample\/content\/20140325110238to_190314_02.jpg"},{"id":143,"updated_at":"2014-03-25 11:02:38","created_at":"2014-03-25 11:02:38","created_by":"1","edited_by":"1","session_id":"s3svoo27pqr094mi2rhp6cmk32","rel_type":"content","rel_id":"22","media_type":"picture","position":"1","title":"","description":"","embed_code":"","filename":"{SITE_URL}userfiles\/templates\/liteness\/img\/sample\/content\/20140325110238to_190314_03_630x427.jpg"},{"id":144,"updated_at":"2014-03-25 11:02:38","created_at":"2014-03-25 11:02:38","created_by":"1","edited_by":"1","session_id":"s3svoo27pqr094mi2rhp6cmk32","rel_type":"content","rel_id":"22","media_type":"picture","position":"0","title":"","description":"","embed_code":"","filename":"{SITE_URL}userfiles\/templates\/liteness\/img\/sample\/content\/20140325110238to_190314_04.jpg"},{"id":145,"updated_at":"2014-03-25 11:02:39","created_at":"2014-03-25 11:02:39","created_by":"1","edited_by":"1","session_id":"s3svoo27pqr094mi2rhp6cmk32","rel_type":"content","rel_id":"22","media_type":"picture","position":"3","title":"","description":"","embed_code":"","filename":"{SITE_URL}userfiles\/templates\/liteness\/img\/sample\/content\/20140325110239to_190314_06_630x420.jpg"}],"custom_fields":[{"id":"1","rel_type":"module","rel_id":"contact-form","position":"0","type":"name","name":"Name","name_key":"name","updated_at":"2015-01-27 13:09:08","created_at":"2015-01-27 13:09:08","created_by":"","edited_by":"","session_id":"7dc43414844f54f9b4966a817e60ff231bf4382f","options":"","is_active":"1","required":"","copy_of_field":""},{"id":"2","rel_type":"module","rel_id":"contact-form","position":"1","type":"email","name":"Email","name_key":"email","updated_at":"2015-01-27 13:09:08","created_at":"2015-01-27 13:09:08","created_by":"","edited_by":"","session_id":"7dc43414844f54f9b4966a817e60ff231bf4382f","options":"","is_active":"1","required":"","copy_of_field":""},{"id":"3","rel_type":"module","rel_id":"contact-form","position":"2","type":"message","name":"Message","name_key":"message","updated_at":"2015-01-27 13:09:08","created_at":"2015-01-27 13:09:08","created_by":"","edited_by":"","session_id":"7dc43414844f54f9b4966a817e60ff231bf4382f","options":"","is_active":"1","required":"","copy_of_field":""},{"id":"4","rel_type":"content","rel_id":"6","position":"","type":"text","name":"text","name_key":"text","updated_at":"2015-01-27 13:22:14","created_at":"2015-01-27 13:22:14","created_by":"2","edited_by":"2","session_id":"ef7edd0f9da95cec1c19a99cf6adc99658489f07","options":"","is_active":"1","required":"","copy_of_field":""},{"id":"7","rel_type":"content","rel_id":"22","position":"","type":"price","name":"price","name_key":"price","updated_at":"2015-01-27 13:27:19","created_at":"2015-01-27 13:27:15","created_by":"2","edited_by":"2","session_id":"5a063120cead5168431dcb768f36f69fc71dc284","options":"","is_active":"1","required":"","copy_of_field":""},{"id":"8","rel_type":"content","rel_id":"9","position":"","type":"price","name":"price","name_key":"price","updated_at":"2015-01-27 14:25:34","created_at":"2015-01-27 14:23:50","created_by":"2","edited_by":"2","session_id":"7c064a801bc1bb9dd9d2741ab1fdeea9fc91d11f","options":"","is_active":"1","required":"","copy_of_field":""},{"id":"9","rel_type":"content","rel_id":"9","position":"","type":"radio","name":"Color","name_key":"color","updated_at":"2015-01-27 14:26:02","created_at":"2015-01-27 14:25:44","created_by":"2","edited_by":"2","session_id":"7c064a801bc1bb9dd9d2741ab1fdeea9fc91d11f","options":"","is_active":"1","required":"","copy_of_field":""},{"id":"10","rel_type":"content","rel_id":"8","position":"","type":"price","name":"price","name_key":"price","updated_at":"2015-01-27 14:36:30","created_at":"2015-01-27 14:26:20","created_by":"2","edited_by":"2","session_id":"7c064a801bc1bb9dd9d2741ab1fdeea9fc91d11f","options":"","is_active":"1","required":"","copy_of_field":""},{"id":"11","rel_type":"module","rel_id":"shipping-info-module-shop-shipping-gateways-country557478767","position":"0","type":"address","name":"Address","name_key":"address","updated_at":"2015-01-27 14:38:11","created_at":"2015-01-27 14:38:11","created_by":"2","edited_by":"2","session_id":"7c064a801bc1bb9dd9d2741ab1fdeea9fc91d11f","options":"","is_active":"1","required":"","copy_of_field":""},{"id":"12","rel_type":"module","rel_id":"shipping-info-module-shop-shipping-gateways-country55747876754c7a2d3e2195","position":"0","type":"address","name":"Address","name_key":"address","updated_at":"2015-01-27 14:38:11","created_at":"2015-01-27 14:38:11","created_by":"2","edited_by":"2","session_id":"7c064a801bc1bb9dd9d2741ab1fdeea9fc91d11f","options":"","is_active":"1","required":"","copy_of_field":""},{"id":"13","rel_type":"module","rel_id":"shipping-info-module-shop-shipping-gateways-country55747876754c7a2d3e62be","position":"0","type":"address","name":"Address","name_key":"address","updated_at":"2015-01-27 14:38:11","created_at":"2015-01-27 14:38:11","created_by":"2","edited_by":"2","session_id":"7c064a801bc1bb9dd9d2741ab1fdeea9fc91d11f","options":"","is_active":"1","required":"","copy_of_field":""},{"id":"14","rel_type":"module","rel_id":"shipping-info-module-shop-shipping-gateways-country55747876754c7a2d3e9a4f","position":"0","type":"address","name":"Address","name_key":"address","updated_at":"2015-01-27 14:38:11","created_at":"2015-01-27 14:38:11","created_by":"2","edited_by":"2","session_id":"7c064a801bc1bb9dd9d2741ab1fdeea9fc91d11f","options":"","is_active":"1","required":"","copy_of_field":""},{"id":"15","rel_type":"module","rel_id":"shipping-info-module-shop-shipping-gateways-country55747876754c7a2d3ef02c","position":"0","type":"address","name":"Address","name_key":"address","updated_at":"2015-01-27 14:38:11","created_at":"2015-01-27 14:38:11","created_by":"2","edited_by":"2","session_id":"7c064a801bc1bb9dd9d2741ab1fdeea9fc91d11f","options":"","is_active":"1","required":"","copy_of_field":""},{"id":"16","rel_type":"module","rel_id":"shipping-info-module-shop-shipping-gateways-country55747876754c7a2fb7025f","position":"0","type":"address","name":"Address","name_key":"address","updated_at":"2015-01-27 14:38:51","created_at":"2015-01-27 14:38:51","created_by":"2","edited_by":"2","session_id":"7c064a801bc1bb9dd9d2741ab1fdeea9fc91d11f","options":"","is_active":"1","required":"","copy_of_field":""},{"id":"17","rel_type":"module","rel_id":"shipping-info-module-shop-shipping-gateways-country55747876754c7a2fb7459f","position":"0","type":"address","name":"Address","name_key":"address","updated_at":"2015-01-27 14:38:51","created_at":"2015-01-27 14:38:51","created_by":"2","edited_by":"2","session_id":"7c064a801bc1bb9dd9d2741ab1fdeea9fc91d11f","options":"","is_active":"1","required":"","copy_of_field":""},{"id":"18","rel_type":"module","rel_id":"shipping-info-module-shop-shipping-gateways-country55747876754c7a2fb77ce6","position":"0","type":"address","name":"Address","name_key":"address","updated_at":"2015-01-27 14:38:51","created_at":"2015-01-27 14:38:51","created_by":"2","edited_by":"2","session_id":"7c064a801bc1bb9dd9d2741ab1fdeea9fc91d11f","options":"","is_active":"1","required":"","copy_of_field":""},{"id":"19","rel_type":"module","rel_id":"shipping-info-module-shop-shipping-gateways-country55747876754c7a2fb7d3f1","position":"0","type":"address","name":"Address","name_key":"address","updated_at":"2015-01-27 14:38:51","created_at":"2015-01-27 14:38:51","created_by":"2","edited_by":"2","session_id":"7c064a801bc1bb9dd9d2741ab1fdeea9fc91d11f","options":"","is_active":"1","required":"","copy_of_field":""},{"id":"20","rel_type":"module","rel_id":"shipping-info-address-module-shop-shipping-gateways-country41c96f72ba5ed99a8745244c8bcd9275","position":"0","type":"address","name":"Address","name_key":"address","updated_at":"2017-07-10 18:14:51","created_at":"2017-07-10 18:14:51","created_by":"1","edited_by":"1","session_id":"ucfmeZanLYHE12gtFQzsW3s9mrrJF2T9yt6R3EZS","options":null,"is_active":"1","required":null,"copy_of_field":null},{"id":"21","rel_type":"module","rel_id":"shipping-info-address-module-shop-shipping-gateways-country41c96f72ba5ed99a8745244c8bcd9275833053221","position":"0","type":"address","name":"Address","name_key":"address","updated_at":"2017-07-10 18:14:51","created_at":"2017-07-10 18:14:51","created_by":"1","edited_by":"1","session_id":"ucfmeZanLYHE12gtFQzsW3s9mrrJF2T9yt6R3EZS","options":null,"is_active":"1","required":null,"copy_of_field":null}],"custom_fields_values":[{"id":"1","custom_field_id":"7","value":"678","position":"0"},{"id":"2","custom_field_id":"8","value":"35","position":"0"},{"id":"3","custom_field_id":"9","value":"Blue","position":"0"},{"id":"4","custom_field_id":"9","value":"Brown","position":"1"},{"id":"5","custom_field_id":"10","value":"250","position":"0"},{"id":"6","custom_field_id":"20","value":"","position":"0"},{"id":"7","custom_field_id":"21","value":"","position":"0"}],"menus":[{"id":"1","title":"header_menu","item_type":"menu","parent_id":"0","content_id":"0","categories_id":"0","position":"0","updated_at":"2014-02-21 08:57:41","created_at":"2014-02-21 08:57:41","is_active":"1","auto_populate":null,"description":"","url":""},{"id":"2","title":"footer_menu","item_type":"menu","parent_id":"0","content_id":"0","categories_id":"0","position":"0","updated_at":"2014-02-21 08:59:01","created_at":"2014-02-21 08:59:01","is_active":"1","auto_populate":null,"description":"","url":""},{"id":"4","title":"","item_type":"menu_item","parent_id":"1","content_id":"13","categories_id":"0","position":"1","updated_at":"2014-02-28 08:48:56","created_at":"2014-02-28 08:48:56","is_active":"1","auto_populate":null,"description":"","url":""},{"id":"6","title":"","item_type":"menu_item","parent_id":"1","content_id":"14","categories_id":"0","position":"0","updated_at":"2014-03-17 11:20:53","created_at":"2014-03-17 11:20:53","is_active":"1","auto_populate":null,"description":"","url":""},{"id":"10","title":"","item_type":"menu_item","parent_id":"1","content_id":"20","categories_id":"0","position":"5","updated_at":"2014-03-24 10:48:09","created_at":"2014-03-24 10:48:09","is_active":"1","auto_populate":null,"description":"","url":""},{"id":"11","title":"Text Page","item_type":"menu_item","parent_id":"1","content_id":"24","categories_id":"0","position":"6","updated_at":"2014-03-27 15:06:52","created_at":"2014-03-26 16:40:21","is_active":"1","auto_populate":null,"description":"","url":"{SITE_URL}test-text-page"},{"id":"12","title":"","item_type":"menu_item","parent_id":"1","content_id":"25","categories_id":"0","position":"8","updated_at":"2014-03-26 17:03:37","created_at":"2014-03-26 17:03:37","is_active":"1","auto_populate":null,"description":"","url":""},{"id":"13","title":"","item_type":"menu_item","parent_id":"1","content_id":"4","categories_id":"0","position":"3","updated_at":"2014-03-27 11:40:23","created_at":"2014-03-27 11:40:23","is_active":"1","auto_populate":null,"description":"","url":""},{"id":"18","title":"","item_type":"menu_item","parent_id":"2","content_id":"14","categories_id":"","position":"99999","updated_at":"2014-03-31 14:14:48","created_at":"2014-03-31 14:14:48","is_active":"1","auto_populate":null,"description":"","url":""},{"id":"19","title":"","item_type":"menu_item","parent_id":"2","content_id":"4","categories_id":"","position":"99999","updated_at":"2014-03-31 14:14:52","created_at":"2014-03-31 14:14:52","is_active":"1","auto_populate":null,"description":"","url":""},{"id":"20","title":"","item_type":"menu_item","parent_id":"2","content_id":"13","categories_id":"","position":"99999","updated_at":"2014-03-31 14:14:55","created_at":"2014-03-31 14:14:55","is_active":"1","auto_populate":null,"description":"","url":""},{"id":"21","title":"","item_type":"menu_item","parent_id":"1","content_id":"28","categories_id":"","position":"999999","updated_at":"2015-02-06 14:28:50","created_at":"2015-02-06 14:28:50","is_active":"1","auto_populate":null,"description":"","url":""}],"options":[{"id":"1","updated_at":"2015-01-27 13:08:07","created_at":"2015-01-27 13:08:07","option_key":"current_template","option_value":"liteness","option_key2":"","option_value2":"","position":"","option_group":"template","name":"","help":"","field_type":"","field_values":"","module":"","is_system":"1"},{"id":"2","updated_at":"2015-01-27 13:08:07","created_at":"2015-01-27 13:08:07","option_key":"website_title","option_value":"Microweber","option_key2":"","option_value2":"","position":"","option_group":"website","name":"","help":"","field_type":"","field_values":"","module":"","is_system":"1"},{"id":"3","updated_at":"2015-01-27 13:08:07","created_at":"2015-01-27 13:08:07","option_key":"enable_comments","option_value":"y","option_key2":"","option_value2":"","position":"","option_group":"comments","name":"","help":"","field_type":"","field_values":"","module":"","is_system":""},{"id":"4","updated_at":"2015-01-27 14:37:35","created_at":"2015-01-27 14:37:35","option_key":"shipping_gw_shop\/shipping\/gateways\/country","option_value":"y","option_key2":"","option_value2":"","position":"","option_group":"shipping","name":"","help":"","field_type":"","field_values":"","module":"","is_system":""},{"id":"5","updated_at":"2015-01-27 14:37:40","created_at":"2015-01-27 14:37:40","option_key":"paypalexpress_testmode","option_value":"y","option_key2":"","option_value2":"","position":"","option_group":"payments","name":"","help":"","field_type":"","field_values":"","module":"","is_system":""},{"id":"6","updated_at":"2015-01-27 14:37:41","created_at":"2015-01-27 14:37:41","option_key":"payment_gw_shop\/payments\/gateways\/paypal","option_value":"1","option_key2":"","option_value2":"","position":"","option_group":"payments","name":"","help":"","field_type":"","field_values":"","module":"","is_system":""},{"id":"7","updated_at":"2015-02-06 11:18:15","created_at":"2015-02-06 11:18:15","option_key":"enable_user_github_registration","option_value":"y","option_key2":"","option_value2":"","position":"","option_group":"users","name":"","help":"","field_type":"","field_values":"","module":"","is_system":""},{"id":"8","updated_at":"2017-01-19 13:46:57","created_at":"2017-01-19 13:46:57","option_key":"currency","option_value":"USD","option_key2":null,"option_value2":null,"position":null,"option_group":"payments","name":null,"help":null,"field_type":null,"field_values":null,"module":null,"is_system":null},{"id":"9","updated_at":"2017-04-19 14:54:42","created_at":"2017-04-19 14:54:42","option_key":"icon","option_value":"mw-icon-live","option_key2":null,"option_value2":null,"position":null,"option_group":"parallax-btn-parallax-20170419145404","name":null,"help":null,"field_type":null,"field_values":null,"module":"btn","is_system":null},{"id":"10","updated_at":"2017-07-10 18:13:50","created_at":"2017-07-10 18:13:13","option_key":"payza_username","option_value":"peter@microweber.com","option_key2":null,"option_value2":null,"position":null,"option_group":"payments","name":null,"help":null,"field_type":null,"field_values":null,"module":null,"is_system":null},{"id":"11","updated_at":"2017-07-10 18:14:02","created_at":"2017-07-10 18:13:14","option_key":"payza_api_password","option_value":"aYFzjuSqu9kRdTQ5urQj","option_key2":null,"option_value2":null,"position":null,"option_group":"payments","name":null,"help":null,"field_type":null,"field_values":null,"module":null,"is_system":null},{"id":"12","updated_at":"2017-07-10 18:13:51","created_at":"2017-07-10 18:13:51","option_key":"payment_gw_shop\/payments\/gateways\/payza","option_value":"1","option_key2":null,"option_value2":null,"position":null,"option_group":"payments","name":null,"help":null,"field_type":null,"field_values":null,"module":null,"is_system":null},{"id":"13","updated_at":"2017-07-17 12:01:21","created_at":"2017-07-17 12:00:57","option_key":"font","option_value":"font-arial","option_key2":null,"option_value2":null,"position":null,"option_group":"mw-template-liteness","name":null,"help":null,"field_type":null,"field_values":null,"module":null,"is_system":null}],"cart":[{"id":"1","title":"Colored vase","is_active":"","rel_id":"9","rel_type":"content","updated_at":"2015-01-27 14:37:54","created_at":"2015-01-27 14:37:54","price":"35.0","currency":"","session_id":"7c064a801bc1bb9dd9d2741ab1fdeea9fc91d11f","qty":"1","other_info":"","order_completed":"0","order_id":"","skip_promo_code":"","created_by":"2","custom_fields_data":"W10=","custom_fields_json":null,"item_image":null,"link":null,"description":null},{"id":"2","title":"Colored vase","is_active":null,"rel_id":"9","rel_type":"content","updated_at":"2017-07-10 18:14:42","created_at":"2017-07-10 18:05:04","price":"35.0","currency":null,"session_id":"ucfmeZanLYHE12gtFQzsW3s9mrrJF2T9yt6R3EZS","qty":"2","other_info":null,"order_completed":"1","order_id":"2","skip_promo_code":null,"created_by":null,"custom_fields_data":"","custom_fields_json":"null","item_image":null,"link":null,"description":null},{"id":"3","title":"Colored vase","is_active":null,"rel_id":"9","rel_type":"content","updated_at":"2017-07-10 18:15:54","created_at":"2017-07-10 18:15:50","price":"35.0","currency":null,"session_id":"ucfmeZanLYHE12gtFQzsW3s9mrrJF2T9yt6R3EZS","qty":"7","other_info":null,"order_completed":"1","order_id":"3","skip_promo_code":null,"created_by":"1","custom_fields_data":"","custom_fields_json":"null","item_image":null,"link":null,"description":null},{"id":"4","title":"Colored vase","is_active":null,"rel_id":"9","rel_type":"content","updated_at":"2017-07-11 11:29:32","created_at":"2017-07-11 11:29:32","price":"35.0","currency":null,"session_id":"ucfmeZanLYHE12gtFQzsW3s9mrrJF2T9yt6R3EZS","qty":"1","other_info":null,"order_completed":"1","order_id":"4","skip_promo_code":null,"created_by":"1","custom_fields_data":"","custom_fields_json":"null","item_image":null,"link":null,"description":null},{"id":"5","title":"Lamps with different colors","is_active":null,"rel_id":"8","rel_type":"content","updated_at":"2017-07-11 11:40:41","created_at":"2017-07-11 11:30:23","price":"250.0","currency":null,"session_id":"FcRxaIMJZGOdsXyTKhTyz4A1aNwqWhpqfF9OyxbE","qty":"4","other_info":null,"order_completed":"0","order_id":null,"skip_promo_code":null,"created_by":null,"custom_fields_data":"","custom_fields_json":"null","item_image":null,"link":null,"description":null},{"id":"6","title":"Test Product","is_active":null,"rel_id":"22","rel_type":"content","updated_at":"2017-07-11 11:32:04","created_at":"2017-07-11 11:32:04","price":"678.0","currency":null,"session_id":"ucfmeZanLYHE12gtFQzsW3s9mrrJF2T9yt6R3EZS","qty":"1","other_info":null,"order_completed":"1","order_id":"4","skip_promo_code":null,"created_by":"1","custom_fields_data":"","custom_fields_json":"null","item_image":null,"link":null,"description":null},{"id":"7","title":"Colored vase","is_active":null,"rel_id":"9","rel_type":"content","updated_at":"2017-07-11 12:10:06","created_at":"2017-07-11 12:10:02","price":"35.0","currency":null,"session_id":"ucfmeZanLYHE12gtFQzsW3s9mrrJF2T9yt6R3EZS","qty":"2","other_info":null,"order_completed":"1","order_id":"5","skip_promo_code":null,"created_by":"1","custom_fields_data":"","custom_fields_json":"null","item_image":null,"link":null,"description":null},{"id":"8","title":"Colored vase","is_active":null,"rel_id":"9","rel_type":"content","updated_at":"2017-07-11 12:10:35","created_at":"2017-07-11 12:10:34","price":"35.0","currency":null,"session_id":"ucfmeZanLYHE12gtFQzsW3s9mrrJF2T9yt6R3EZS","qty":"2","other_info":null,"order_completed":"1","order_id":"6","skip_promo_code":null,"created_by":"1","custom_fields_data":"","custom_fields_json":"null","item_image":null,"link":null,"description":null},{"id":"9","title":"Colored vase","is_active":null,"rel_id":"9","rel_type":"content","updated_at":"2017-07-11 12:10:57","created_at":"2017-07-11 12:10:56","price":"35.0","currency":null,"session_id":"ucfmeZanLYHE12gtFQzsW3s9mrrJF2T9yt6R3EZS","qty":"2","other_info":null,"order_completed":"1","order_id":"7","skip_promo_code":null,"created_by":"1","custom_fields_data":"","custom_fields_json":"null","item_image":null,"link":null,"description":null},{"id":"10","title":"Colored vase","is_active":null,"rel_id":"9","rel_type":"content","updated_at":"2017-07-11 12:54:49","created_at":"2017-07-11 12:54:47","price":"35.0","currency":null,"session_id":"ucfmeZanLYHE12gtFQzsW3s9mrrJF2T9yt6R3EZS","qty":"2","other_info":null,"order_completed":"1","order_id":"8","skip_promo_code":null,"created_by":"1","custom_fields_data":"","custom_fields_json":"null","item_image":null,"link":null,"description":null},{"id":"11","title":"Colored vase","is_active":null,"rel_id":"9","rel_type":"content","updated_at":"2017-07-11 13:15:52","created_at":"2017-07-11 13:15:51","price":"35.0","currency":null,"session_id":"ucfmeZanLYHE12gtFQzsW3s9mrrJF2T9yt6R3EZS","qty":"2","other_info":null,"order_completed":"1","order_id":"9","skip_promo_code":null,"created_by":"1","custom_fields_data":"","custom_fields_json":"null","item_image":null,"link":null,"description":null},{"id":"12","title":"Colored vase","is_active":null,"rel_id":"9","rel_type":"content","updated_at":"2017-07-11 13:17:17","created_at":"2017-07-11 13:16:24","price":"35.0","currency":null,"session_id":"ucfmeZanLYHE12gtFQzsW3s9mrrJF2T9yt6R3EZS","qty":"8","other_info":null,"order_completed":"1","order_id":"10","skip_promo_code":null,"created_by":"1","custom_fields_data":"","custom_fields_json":"null","item_image":null,"link":null,"description":null},{"id":"13","title":"Colored vase","is_active":null,"rel_id":"9","rel_type":"content","updated_at":"2017-07-11 13:18:17","created_at":"2017-07-11 13:18:16","price":"35.0","currency":null,"session_id":"ucfmeZanLYHE12gtFQzsW3s9mrrJF2T9yt6R3EZS","qty":"5","other_info":null,"order_completed":"1","order_id":"11","skip_promo_code":null,"created_by":"1","custom_fields_data":"","custom_fields_json":"null","item_image":null,"link":null,"description":null},{"id":"14","title":"Colored vase","is_active":null,"rel_id":"9","rel_type":"content","updated_at":"2017-07-11 13:19:12","created_at":"2017-07-11 13:19:10","price":"35.0","currency":null,"session_id":"ucfmeZanLYHE12gtFQzsW3s9mrrJF2T9yt6R3EZS","qty":"6","other_info":null,"order_completed":"1","order_id":"12","skip_promo_code":null,"created_by":"1","custom_fields_data":"","custom_fields_json":"null","item_image":null,"link":null,"description":null},{"id":"15","title":"Colored vase","is_active":null,"rel_id":"9","rel_type":"content","updated_at":"2017-07-11 13:21:21","created_at":"2017-07-11 13:21:19","price":"35.0","currency":null,"session_id":"ucfmeZanLYHE12gtFQzsW3s9mrrJF2T9yt6R3EZS","qty":"6","other_info":null,"order_completed":"1","order_id":"13","skip_promo_code":null,"created_by":"1","custom_fields_data":"","custom_fields_json":"null","item_image":null,"link":null,"description":null},{"id":"16","title":"Colored vase","is_active":null,"rel_id":"9","rel_type":"content","updated_at":"2017-07-11 13:22:55","created_at":"2017-07-11 13:22:53","price":"35.0","currency":null,"session_id":"ucfmeZanLYHE12gtFQzsW3s9mrrJF2T9yt6R3EZS","qty":"3","other_info":null,"order_completed":"1","order_id":"14","skip_promo_code":null,"created_by":"1","custom_fields_data":"","custom_fields_json":"null","item_image":null,"link":null,"description":null},{"id":"17","title":"Colored vase","is_active":null,"rel_id":"9","rel_type":"content","updated_at":"2017-07-11 13:26:05","created_at":"2017-07-11 13:26:04","price":"35.0","currency":null,"session_id":"ucfmeZanLYHE12gtFQzsW3s9mrrJF2T9yt6R3EZS","qty":"5","other_info":null,"order_completed":"1","order_id":"15","skip_promo_code":null,"created_by":"1","custom_fields_data":"","custom_fields_json":"null","item_image":null,"link":null,"description":null},{"id":"18","title":"Colored vase","is_active":null,"rel_id":"9","rel_type":"content","updated_at":"2017-07-11 13:50:28","created_at":"2017-07-11 13:50:27","price":"35.0","currency":null,"session_id":"ucfmeZanLYHE12gtFQzsW3s9mrrJF2T9yt6R3EZS","qty":"3","other_info":null,"order_completed":"1","order_id":"16","skip_promo_code":null,"created_by":"1","custom_fields_data":"","custom_fields_json":"null","item_image":null,"link":null,"description":null},{"id":"19","title":"Colored vase","is_active":null,"rel_id":"9","rel_type":"content","updated_at":"2017-07-11 14:45:26","created_at":"2017-07-11 14:45:23","price":"35.0","currency":null,"session_id":"ucfmeZanLYHE12gtFQzsW3s9mrrJF2T9yt6R3EZS","qty":"5","other_info":null,"order_completed":"1","order_id":"17","skip_promo_code":null,"created_by":"1","custom_fields_data":"","custom_fields_json":"null","item_image":null,"link":null,"description":null}],"cart_orders":[{"id":"1","updated_at":"2017-07-10 18:15:15","created_at":"2017-07-10 18:15:15","order_id":null,"amount":"70.0","transaction_id":null,"shipping_service":"shop\/shipping\/gateways\/country","shipping":"0.0","currency":"USD","currency_code":null,"first_name":"1","last_name":"1","email":"1","country":null,"city":null,"state":null,"zip":null,"address":null,"address2":null,"phone":null,"created_by":"1","edited_by":"1","session_id":"ucfmeZanLYHE12gtFQzsW3s9mrrJF2T9yt6R3EZS","order_completed":"0","is_paid":null,"url":"{SITE_URL}checkout","user_ip":"94.26.57.98","items_count":"2","custom_fields_data":null,"payment_gw":"shop\/payments\/gateways\/payza","payment_verify_token":"86c4ae6c20cad4f4e8b564ea0521bdb2","payment_amount":null,"payment_currency":null,"payment_status":null,"payment_email":null,"payment_receiver_email":null,"payment_name":null,"payment_country":null,"payment_address":null,"payment_city":null,"payment_state":null,"payment_zip":null,"payment_phone":null,"payer_id":null,"payer_status":null,"payment_type":null,"order_status":null,"payment_shipping":null,"is_active":null,"rel_id":null,"rel_type":null,"price":null,"other_info":null,"promo_code":null,"skip_promo_code":null,"taxes_amount":null},{"id":"2","updated_at":"2017-07-10 18:15:36","created_at":"2017-07-10 18:15:35","order_id":null,"amount":"70.0","transaction_id":null,"shipping_service":"shop\/shipping\/gateways\/country","shipping":"0.0","currency":"USD","currency_code":null,"first_name":"1","last_name":"1","email":"1","country":null,"city":null,"state":null,"zip":null,"address":null,"address2":null,"phone":null,"created_by":"1","edited_by":"1","session_id":"ucfmeZanLYHE12gtFQzsW3s9mrrJF2T9yt6R3EZS","order_completed":"1","is_paid":"0","url":"{SITE_URL}checkout","user_ip":"94.26.57.98","items_count":"2","custom_fields_data":null,"payment_gw":"shop\/payments\/gateways\/paypal","payment_verify_token":"43b344a65ef4b5414fb4b2fa92a817cf","payment_amount":"70.0","payment_currency":"USD","payment_status":null,"payment_email":null,"payment_receiver_email":null,"payment_name":null,"payment_country":null,"payment_address":null,"payment_city":null,"payment_state":null,"payment_zip":null,"payment_phone":null,"payer_id":null,"payer_status":null,"payment_type":null,"order_status":"pending","payment_shipping":"0.0","is_active":null,"rel_id":null,"rel_type":null,"price":null,"other_info":null,"promo_code":null,"skip_promo_code":null,"taxes_amount":null},{"id":"3","updated_at":"2017-07-10 18:16:04","created_at":"2017-07-10 18:16:03","order_id":null,"amount":"245.0","transaction_id":null,"shipping_service":"shop\/shipping\/gateways\/country","shipping":"0.0","currency":"USD","currency_code":null,"first_name":"1","last_name":"1","email":"1","country":null,"city":null,"state":null,"zip":null,"address":null,"address2":null,"phone":null,"created_by":"1","edited_by":"1","session_id":"ucfmeZanLYHE12gtFQzsW3s9mrrJF2T9yt6R3EZS","order_completed":"1","is_paid":"0","url":"{SITE_URL}checkout","user_ip":"94.26.57.98","items_count":"7","custom_fields_data":null,"payment_gw":"shop\/payments\/gateways\/payza","payment_verify_token":"209b276ad96494e858bad886bd7f11b6","payment_amount":null,"payment_currency":null,"payment_status":null,"payment_email":null,"payment_receiver_email":null,"payment_name":null,"payment_country":null,"payment_address":null,"payment_city":null,"payment_state":null,"payment_zip":null,"payment_phone":null,"payer_id":null,"payer_status":null,"payment_type":null,"order_status":"pending","payment_shipping":null,"is_active":null,"rel_id":null,"rel_type":null,"price":null,"other_info":null,"promo_code":null,"skip_promo_code":null,"taxes_amount":null},{"id":"4","updated_at":"2017-07-11 11:32:11","created_at":"2017-07-11 11:32:11","order_id":null,"amount":"713.0","transaction_id":null,"shipping_service":"shop\/shipping\/gateways\/country","shipping":"0.0","currency":"USD","currency_code":null,"first_name":"1","last_name":"1","email":"1","country":null,"city":null,"state":null,"zip":null,"address":null,"address2":null,"phone":null,"created_by":"1","edited_by":"1","session_id":"ucfmeZanLYHE12gtFQzsW3s9mrrJF2T9yt6R3EZS","order_completed":"1","is_paid":"0","url":"{SITE_URL}checkout","user_ip":"94.26.57.98","items_count":"2","custom_fields_data":null,"payment_gw":"shop\/payments\/gateways\/payza","payment_verify_token":"15d7bcfe3f35eaa7b869d7f7a871146a","payment_amount":null,"payment_currency":null,"payment_status":null,"payment_email":null,"payment_receiver_email":null,"payment_name":null,"payment_country":null,"payment_address":null,"payment_city":null,"payment_state":null,"payment_zip":null,"payment_phone":null,"payer_id":null,"payer_status":null,"payment_type":null,"order_status":"pending","payment_shipping":null,"is_active":null,"rel_id":null,"rel_type":null,"price":null,"other_info":null,"promo_code":null,"skip_promo_code":null,"taxes_amount":null},{"id":"5","updated_at":"2017-07-11 12:10:13","created_at":"2017-07-11 12:10:13","order_id":null,"amount":"70.0","transaction_id":null,"shipping_service":"shop\/shipping\/gateways\/country","shipping":"0.0","currency":"USD","currency_code":null,"first_name":"1","last_name":"1","email":"1","country":null,"city":null,"state":null,"zip":null,"address":null,"address2":null,"phone":null,"created_by":"1","edited_by":"1","session_id":"ucfmeZanLYHE12gtFQzsW3s9mrrJF2T9yt6R3EZS","order_completed":"1","is_paid":"0","url":"{SITE_URL}checkout","user_ip":"94.26.57.98","items_count":"2","custom_fields_data":null,"payment_gw":"shop\/payments\/gateways\/payza","payment_verify_token":"f750e5ed90495920f0e0953747b38c4a","payment_amount":null,"payment_currency":null,"payment_status":null,"payment_email":null,"payment_receiver_email":null,"payment_name":null,"payment_country":null,"payment_address":null,"payment_city":null,"payment_state":null,"payment_zip":null,"payment_phone":null,"payer_id":null,"payer_status":null,"payment_type":null,"order_status":"pending","payment_shipping":null,"is_active":null,"rel_id":null,"rel_type":null,"price":null,"other_info":null,"promo_code":null,"skip_promo_code":null,"taxes_amount":null},{"id":"6","updated_at":"2017-07-11 12:10:46","created_at":"2017-07-11 12:10:45","order_id":null,"amount":"70.0","transaction_id":null,"shipping_service":"shop\/shipping\/gateways\/country","shipping":"0.0","currency":"USD","currency_code":null,"first_name":"1","last_name":"1","email":"1","country":null,"city":null,"state":null,"zip":null,"address":null,"address2":null,"phone":null,"created_by":"1","edited_by":"1","session_id":"ucfmeZanLYHE12gtFQzsW3s9mrrJF2T9yt6R3EZS","order_completed":"1","is_paid":"0","url":"{SITE_URL}checkout","user_ip":"94.26.57.98","items_count":"2","custom_fields_data":null,"payment_gw":"shop\/payments\/gateways\/payza","payment_verify_token":"ed4a7eaf3ba9b236c05fb1025b88659c","payment_amount":null,"payment_currency":null,"payment_status":null,"payment_email":null,"payment_receiver_email":null,"payment_name":null,"payment_country":null,"payment_address":null,"payment_city":null,"payment_state":null,"payment_zip":null,"payment_phone":null,"payer_id":null,"payer_status":null,"payment_type":null,"order_status":"pending","payment_shipping":null,"is_active":null,"rel_id":null,"rel_type":null,"price":null,"other_info":null,"promo_code":null,"skip_promo_code":null,"taxes_amount":null},{"id":"7","updated_at":"2017-07-11 12:12:11","created_at":"2017-07-11 12:12:11","order_id":null,"amount":"70.0","transaction_id":null,"shipping_service":"shop\/shipping\/gateways\/country","shipping":"0.0","currency":"USD","currency_code":null,"first_name":"1","last_name":"1","email":"1","country":null,"city":null,"state":null,"zip":null,"address":null,"address2":null,"phone":null,"created_by":"1","edited_by":"1","session_id":"ucfmeZanLYHE12gtFQzsW3s9mrrJF2T9yt6R3EZS","order_completed":"1","is_paid":"0","url":"{SITE_URL}checkout","user_ip":"94.26.57.98","items_count":"2","custom_fields_data":null,"payment_gw":"shop\/payments\/gateways\/payza","payment_verify_token":"919599d76cecc3a7fe0ac434514b296f","payment_amount":null,"payment_currency":null,"payment_status":null,"payment_email":null,"payment_receiver_email":null,"payment_name":null,"payment_country":null,"payment_address":null,"payment_city":null,"payment_state":null,"payment_zip":null,"payment_phone":null,"payer_id":null,"payer_status":null,"payment_type":null,"order_status":"pending","payment_shipping":null,"is_active":null,"rel_id":null,"rel_type":null,"price":null,"other_info":null,"promo_code":null,"skip_promo_code":null,"taxes_amount":null},{"id":"8","updated_at":"2017-07-11 13:14:53","created_at":"2017-07-11 13:14:53","order_id":null,"amount":"70.0","transaction_id":null,"shipping_service":"shop\/shipping\/gateways\/country","shipping":"0.0","currency":"USD","currency_code":null,"first_name":"1","last_name":"1","email":"1","country":null,"city":null,"state":null,"zip":null,"address":null,"address2":null,"phone":null,"created_by":"1","edited_by":"1","session_id":"ucfmeZanLYHE12gtFQzsW3s9mrrJF2T9yt6R3EZS","order_completed":"1","is_paid":"0","url":"{SITE_URL}checkout","user_ip":"94.26.57.98","items_count":"2","custom_fields_data":null,"payment_gw":"shop\/payments\/gateways\/payza","payment_verify_token":"fd6411433bad63d6904aa2a2c73c332d","payment_amount":null,"payment_currency":null,"payment_status":null,"payment_email":null,"payment_receiver_email":null,"payment_name":null,"payment_country":null,"payment_address":null,"payment_city":null,"payment_state":null,"payment_zip":null,"payment_phone":null,"payer_id":null,"payer_status":null,"payment_type":null,"order_status":"pending","payment_shipping":null,"is_active":null,"rel_id":null,"rel_type":null,"price":null,"other_info":null,"promo_code":null,"skip_promo_code":null,"taxes_amount":null},{"id":"9","updated_at":"2017-07-11 13:15:59","created_at":"2017-07-11 13:15:58","order_id":null,"amount":"70.0","transaction_id":null,"shipping_service":"shop\/shipping\/gateways\/country","shipping":"0.0","currency":"USD","currency_code":null,"first_name":"1","last_name":"1","email":"1","country":null,"city":null,"state":null,"zip":null,"address":null,"address2":null,"phone":null,"created_by":"1","edited_by":"1","session_id":"ucfmeZanLYHE12gtFQzsW3s9mrrJF2T9yt6R3EZS","order_completed":"1","is_paid":"0","url":"{SITE_URL}checkout","user_ip":"94.26.57.98","items_count":"2","custom_fields_data":null,"payment_gw":"shop\/payments\/gateways\/payza","payment_verify_token":"9d01ff5e2be82802f5f0e1c07a23de39","payment_amount":null,"payment_currency":null,"payment_status":null,"payment_email":null,"payment_receiver_email":null,"payment_name":null,"payment_country":null,"payment_address":null,"payment_city":null,"payment_state":null,"payment_zip":null,"payment_phone":null,"payer_id":null,"payer_status":null,"payment_type":null,"order_status":"pending","payment_shipping":null,"is_active":null,"rel_id":null,"rel_type":null,"price":null,"other_info":null,"promo_code":null,"skip_promo_code":null,"taxes_amount":null},{"id":"10","updated_at":"2017-07-11 13:17:22","created_at":"2017-07-11 13:17:22","order_id":null,"amount":"280.0","transaction_id":null,"shipping_service":"shop\/shipping\/gateways\/country","shipping":"0.0","currency":"USD","currency_code":null,"first_name":"1","last_name":"1","email":"1","country":null,"city":null,"state":null,"zip":null,"address":null,"address2":null,"phone":null,"created_by":"1","edited_by":"1","session_id":"ucfmeZanLYHE12gtFQzsW3s9mrrJF2T9yt6R3EZS","order_completed":"1","is_paid":"0","url":"{SITE_URL}checkout","user_ip":"94.26.57.98","items_count":"8","custom_fields_data":null,"payment_gw":"shop\/payments\/gateways\/payza","payment_verify_token":"4ad6ca661d86bd8da1c3c56cea1e18c4","payment_amount":null,"payment_currency":null,"payment_status":null,"payment_email":null,"payment_receiver_email":null,"payment_name":null,"payment_country":null,"payment_address":null,"payment_city":null,"payment_state":null,"payment_zip":null,"payment_phone":null,"payer_id":null,"payer_status":null,"payment_type":null,"order_status":"pending","payment_shipping":null,"is_active":null,"rel_id":null,"rel_type":null,"price":null,"other_info":null,"promo_code":null,"skip_promo_code":null,"taxes_amount":null},{"id":"11","updated_at":"2017-07-11 13:18:24","created_at":"2017-07-11 13:18:23","order_id":null,"amount":"175.0","transaction_id":null,"shipping_service":"shop\/shipping\/gateways\/country","shipping":"0.0","currency":"USD","currency_code":null,"first_name":"1","last_name":"1","email":"1","country":null,"city":null,"state":null,"zip":null,"address":null,"address2":null,"phone":null,"created_by":"1","edited_by":"1","session_id":"ucfmeZanLYHE12gtFQzsW3s9mrrJF2T9yt6R3EZS","order_completed":"1","is_paid":"0","url":"{SITE_URL}checkout","user_ip":"94.26.57.98","items_count":"5","custom_fields_data":null,"payment_gw":"shop\/payments\/gateways\/payza","payment_verify_token":"4a12fd9fb192c42a8dabbca86a42c9f9","payment_amount":null,"payment_currency":null,"payment_status":null,"payment_email":null,"payment_receiver_email":null,"payment_name":null,"payment_country":null,"payment_address":null,"payment_city":null,"payment_state":null,"payment_zip":null,"payment_phone":null,"payer_id":null,"payer_status":null,"payment_type":null,"order_status":"pending","payment_shipping":null,"is_active":null,"rel_id":null,"rel_type":null,"price":null,"other_info":null,"promo_code":null,"skip_promo_code":null,"taxes_amount":null},{"id":"12","updated_at":"2017-07-11 13:19:16","created_at":"2017-07-11 13:19:16","order_id":null,"amount":"210.0","transaction_id":null,"shipping_service":"shop\/shipping\/gateways\/country","shipping":"0.0","currency":"USD","currency_code":null,"first_name":"1","last_name":"1","email":"1","country":null,"city":null,"state":null,"zip":null,"address":null,"address2":null,"phone":null,"created_by":"1","edited_by":"1","session_id":"ucfmeZanLYHE12gtFQzsW3s9mrrJF2T9yt6R3EZS","order_completed":"1","is_paid":"0","url":"{SITE_URL}checkout","user_ip":"94.26.57.98","items_count":"6","custom_fields_data":null,"payment_gw":"shop\/payments\/gateways\/payza","payment_verify_token":"18cf3410ae01a84d49617b77b5fa65aa","payment_amount":null,"payment_currency":null,"payment_status":null,"payment_email":null,"payment_receiver_email":null,"payment_name":null,"payment_country":null,"payment_address":null,"payment_city":null,"payment_state":null,"payment_zip":null,"payment_phone":null,"payer_id":null,"payer_status":null,"payment_type":null,"order_status":"pending","payment_shipping":null,"is_active":null,"rel_id":null,"rel_type":null,"price":null,"other_info":null,"promo_code":null,"skip_promo_code":null,"taxes_amount":null},{"id":"13","updated_at":"2017-07-11 13:21:29","created_at":"2017-07-11 13:21:29","order_id":null,"amount":"210.0","transaction_id":null,"shipping_service":"shop\/shipping\/gateways\/country","shipping":"0.0","currency":"USD","currency_code":null,"first_name":"1","last_name":"1","email":"1","country":null,"city":null,"state":null,"zip":null,"address":null,"address2":null,"phone":null,"created_by":"1","edited_by":"1","session_id":"ucfmeZanLYHE12gtFQzsW3s9mrrJF2T9yt6R3EZS","order_completed":"1","is_paid":"0","url":"{SITE_URL}checkout","user_ip":"94.26.57.98","items_count":"6","custom_fields_data":null,"payment_gw":"shop\/payments\/gateways\/payza","payment_verify_token":"57b9df508325f352f6a0e1628ac135df","payment_amount":null,"payment_currency":null,"payment_status":null,"payment_email":null,"payment_receiver_email":null,"payment_name":null,"payment_country":null,"payment_address":null,"payment_city":null,"payment_state":null,"payment_zip":null,"payment_phone":null,"payer_id":null,"payer_status":null,"payment_type":null,"order_status":"pending","payment_shipping":null,"is_active":null,"rel_id":null,"rel_type":null,"price":null,"other_info":null,"promo_code":null,"skip_promo_code":null,"taxes_amount":null},{"id":"14","updated_at":"2017-07-11 13:23:08","created_at":"2017-07-11 13:23:08","order_id":null,"amount":"105.0","transaction_id":null,"shipping_service":"shop\/shipping\/gateways\/country","shipping":"0.0","currency":"USD","currency_code":null,"first_name":"1","last_name":"1","email":"1","country":null,"city":null,"state":null,"zip":null,"address":null,"address2":null,"phone":null,"created_by":"1","edited_by":"1","session_id":"ucfmeZanLYHE12gtFQzsW3s9mrrJF2T9yt6R3EZS","order_completed":"1","is_paid":"0","url":"{SITE_URL}checkout","user_ip":"94.26.57.98","items_count":"3","custom_fields_data":null,"payment_gw":"shop\/payments\/gateways\/payza","payment_verify_token":"e8dc1ebd4d01f90b7a045a10d2e5e97f","payment_amount":null,"payment_currency":null,"payment_status":null,"payment_email":null,"payment_receiver_email":null,"payment_name":null,"payment_country":null,"payment_address":null,"payment_city":null,"payment_state":null,"payment_zip":null,"payment_phone":null,"payer_id":null,"payer_status":null,"payment_type":null,"order_status":"pending","payment_shipping":null,"is_active":null,"rel_id":null,"rel_type":null,"price":null,"other_info":null,"promo_code":null,"skip_promo_code":null,"taxes_amount":null},{"id":"15","updated_at":"2017-07-11 13:26:12","created_at":"2017-07-11 13:26:12","order_id":null,"amount":"175.0","transaction_id":null,"shipping_service":"shop\/shipping\/gateways\/country","shipping":"0.0","currency":"USD","currency_code":null,"first_name":"1","last_name":"1","email":"1","country":null,"city":null,"state":null,"zip":null,"address":null,"address2":null,"phone":null,"created_by":"1","edited_by":"1","session_id":"ucfmeZanLYHE12gtFQzsW3s9mrrJF2T9yt6R3EZS","order_completed":"1","is_paid":"0","url":"{SITE_URL}checkout","user_ip":"94.26.57.98","items_count":"5","custom_fields_data":null,"payment_gw":"shop\/payments\/gateways\/payza","payment_verify_token":"8cd22c94659bb79ca8e3b254b0734918","payment_amount":null,"payment_currency":null,"payment_status":null,"payment_email":null,"payment_receiver_email":null,"payment_name":null,"payment_country":null,"payment_address":null,"payment_city":null,"payment_state":null,"payment_zip":null,"payment_phone":null,"payer_id":null,"payer_status":null,"payment_type":null,"order_status":"pending","payment_shipping":null,"is_active":null,"rel_id":null,"rel_type":null,"price":null,"other_info":null,"promo_code":null,"skip_promo_code":null,"taxes_amount":null},{"id":"16","updated_at":"2017-07-11 13:50:37","created_at":"2017-07-11 13:50:37","order_id":null,"amount":"105.0","transaction_id":null,"shipping_service":"shop\/shipping\/gateways\/country","shipping":"0.0","currency":"USD","currency_code":null,"first_name":"1","last_name":"1","email":"1","country":null,"city":null,"state":null,"zip":null,"address":null,"address2":null,"phone":null,"created_by":"1","edited_by":"1","session_id":"ucfmeZanLYHE12gtFQzsW3s9mrrJF2T9yt6R3EZS","order_completed":"1","is_paid":"0","url":"{SITE_URL}checkout","user_ip":"94.26.57.98","items_count":"3","custom_fields_data":null,"payment_gw":"shop\/payments\/gateways\/payza","payment_verify_token":"09222eb0044ac93577baacd509d56f69","payment_amount":null,"payment_currency":null,"payment_status":null,"payment_email":null,"payment_receiver_email":null,"payment_name":null,"payment_country":null,"payment_address":null,"payment_city":null,"payment_state":null,"payment_zip":null,"payment_phone":null,"payer_id":null,"payer_status":null,"payment_type":null,"order_status":"pending","payment_shipping":null,"is_active":null,"rel_id":null,"rel_type":null,"price":null,"other_info":null,"promo_code":null,"skip_promo_code":null,"taxes_amount":null},{"id":"17","updated_at":"2017-07-11 14:45:55","created_at":"2017-07-11 14:45:33","order_id":null,"amount":"175.0","transaction_id":"TEST TRANSACTION","shipping_service":"shop\/shipping\/gateways\/country","shipping":"0.0","currency":"USD","currency_code":null,"first_name":"1","last_name":"1","email":"1","country":null,"city":null,"state":null,"zip":null,"address":null,"address2":null,"phone":null,"created_by":"1","edited_by":"1","session_id":"bct6OEMMy7uHARYozSeDRV0UUQ4hHEJMtNPRkIO9","order_completed":"1","is_paid":"1","url":"{SITE_URL}checkout","user_ip":"184.107.23.100","items_count":"5","custom_fields_data":null,"payment_gw":"shop\/payments\/gateways\/payza","payment_verify_token":"c27a25bc9ced5fe4ad501cc955e2afd4","payment_amount":"175.0","payment_currency":"USD","payment_status":"Completed","payment_email":"peter@microweber.com","payment_receiver_email":null,"payment_name":"Peter Ivanov","payment_country":"BGR","payment_address":"Cherni Vrah 47, floor 4,","payment_city":"Sofia","payment_state":"Sofia","payment_zip":"1000","payment_phone":null,"payer_id":null,"payer_status":null,"payment_type":"purchase","order_status":"pending","payment_shipping":null,"is_active":null,"rel_id":null,"rel_type":null,"price":null,"other_info":null,"promo_code":null,"skip_promo_code":null,"taxes_amount":null}],"cart_shipping":[{"id":"1","updated_at":"2017-01-19 13:46:57","created_at":"2017-01-19 13:46:57","is_active":"1","shipping_cost":"0.0","shipping_cost_max":null,"shipping_cost_above":null,"shipping_country":"Worldwide","position":null,"shipping_type":"fixed","shipping_price_per_size":null,"shipping_price_per_weight":null,"shipping_price_per_item":null,"shipping_price_custom":null}]}